{"content":[{"id":"502e5846","settings":{"flex_direction":"column","padding":{"unit":"px","top":"80","right":"20","bottom":"0","left":"20","isLinked":false},"flex_justify_content":"space-between","css_classes":"popup-menu-link","flex_wrap":"nowrap"},"elements":[{"id":"32e6502b","settings":{"menu_name":"Menu","menu":"main-menu","align_items":"start","dropdown":"none","pointer_width":{"unit":"px","size":4,"sizes":[]},"padding_horizontal_menu_item":{"unit":"px","size":0,"sizes":[]},"padding_vertical_menu_item":{"unit":"px","size":0,"sizes":[]},"menu_space_between":{"unit":"px","size":32,"sizes":[]},"__globals__":{"color_menu_item":"globals\/colors?id=dff046c","color_menu_item_hover":"globals\/colors?id=accent","pointer_color_menu_item_hover":"globals\/colors?id=dff046c","color_menu_item_active":"globals\/colors?id=accent","pointer_color_menu_item_active":"globals\/colors?id=dff046c","menu_typography_typography":"globals\/typography?id=d8de2ac","background_color_dropdown_item":"globals\/colors?id=fcd376b","color_dropdown_item":"globals\/colors?id=dff046c","color_dropdown_item_hover":"globals\/colors?id=dff046c","color_dropdown_item_active":"globals\/colors?id=accent","dropdown_typography_typography":"globals\/typography?id=2e8a051"},"_css_classes":"nav-link","submenu_icon":{"value":"fas fa-angle-down","library":"fa-solid"},"color_menu_item":"#2E4155","color_menu_item_hover":"#2E4155","pointer_color_menu_item_hover":"#2E4155","color_menu_item_active":"#00963E","pointer_color_menu_item_active":"#2E4155","color_dropdown_item":"#2E4155","color_dropdown_item_hover":"#2E4155","background_color_dropdown_item_hover":"#02010100","color_dropdown_item_active":"#00963E","background_color_dropdown_item_active":"#02010100","dropdown_border_radius":{"unit":"px","top":"0","right":"0","bottom":"0","left":"0","isLinked":true},"dropdown_box_shadow_box_shadow":{"horizontal":0,"vertical":4,"blur":4,"spread":0,"color":"rgba(0, 0, 0, 0.25098039215686274)"},"padding_horizontal_dropdown_item":{"unit":"px","size":20,"sizes":[]},"padding_vertical_dropdown_item":{"unit":"px","size":4,"sizes":[]},"dropdown_top_distance":{"unit":"px","size":0,"sizes":[]},"dropdown_typography_line_height":{"unit":"em","size":1.25,"sizes":[]},"layout":"vertical","pointer":"none","menu_id":3},"elements":[],"isInner":false,"widgetType":"nav-menu","elType":"widget"},{"id":"436f0fe1","settings":{"selected_icon":{"value":{"url":"https:\/\/demolink.info\/cetop\/wp-content\/uploads\/2025\/12\/User.svg","id":55},"library":"svg"},"size":{"unit":"px","size":28,"sizes":[]},"_css_classes":"icon-lineheight","align":"start"},"elements":[],"isInner":false,"widgetType":"icon","elType":"widget"}],"isInner":false,"elType":"container"}],"page_settings":{"width":{"unit":"px","size":340,"sizes":[]},"height_type":"fit_to_screen","horizontal_position":"right","entrance_animation":"fadeInRight","exit_animation":"fadeInRight","icon_size":{"unit":"px","size":28,"sizes":[]},"prevent_scroll":"yes","classes":"mobile-popup","__globals__":{"close_button_color":"globals\/colors?id=dff046c","close_button_hover_color":"globals\/colors?id=dff046c"},"entrance_animation_duration":{"unit":"px","size":1,"sizes":[]}},"version":"0.4","title":"Mobile Menu","type":"popup"}