{"content":[{"id":"7359a24f","settings":{"flex_direction":"row","flex_gap":{"unit":"px","size":20,"column":"20","row":"20","isLinked":true},"border_border":"solid","border_width":{"unit":"px","top":"1","right":"1","bottom":"1","left":"1","isLinked":true},"__globals__":{"border_color":"globals\/colors?id=642ace7"},"css_classes":"event-loop-item"},"elements":[{"id":"73417af6","settings":{"flex_direction":"column","content_width":"full","width":{"unit":"%","size":40}},"elements":[{"id":"305c9205","settings":{"__dynamic__":{"image":"[elementor-tag id=\"\" name=\"post-featured-image\" settings=\"%7B%22fallback%22%3A%7B%22url%22%3A%22%22%2C%22id%22%3A%22%22%2C%22size%22%3A%22%22%7D%7D\"]","link":"[elementor-tag id=\"d6040d7\" name=\"post-url\" settings=\"%7B%7D\"]"},"image_size":"full","width":{"unit":"%","size":100,"sizes":[]},"height":{"unit":"%","size":100,"sizes":[]},"height_laptop":{"unit":"%","size":"","sizes":[]},"height_tablet":{"unit":"%","size":"","sizes":[]},"height_mobile_extra":{"unit":"%","size":"","sizes":[]},"height_mobile":{"unit":"%","size":"","sizes":[]},"object-fit":"cover","link_to":"custom","_css_classes":"event-fea-img"},"elements":[],"isInner":false,"widgetType":"theme-post-featured-image","elType":"widget"}],"isInner":true,"elType":"container"},{"id":"124e738d","settings":{"flex_direction":"column","content_width":"full","width":{"unit":"%","size":60},"flex_gap":{"column":"5","row":"5","isLinked":true,"unit":"px","size":5},"padding":{"unit":"px","top":"15","right":"15","bottom":"15","left":"0","isLinked":false},"padding_mobile":{"unit":"px","top":"5","right":"15","bottom":"15","left":"15","isLinked":false}},"elements":[{"id":"79db622d","settings":{"icon_list":[{"selected_icon":{"value":"fas fa-calendar-alt","library":"fa-solid"},"_id":"fd30da7","custom_date_format":"F j, Y","custom_time_format":"g:i a","show_icon":"none","link":""}],"space_between":{"unit":"px","size":20,"sizes":[]},"icon_size":{"unit":"px","size":16,"sizes":[]},"text_indent":{"unit":"px","size":0,"sizes":[]},"__globals__":{"icon_typography_typography":"globals\/typography?id=3be1b04","text_color":"globals\/colors?id=ea9ec76","icon_color":"globals\/colors?id=dff046c"}},"elements":[],"isInner":false,"widgetType":"post-info","elType":"widget"},{"id":"12f65cb6","settings":{"__dynamic__":{"title":"[elementor-tag id=\"\" name=\"post-title\" settings=\"%7B%22before%22%3A%22%22%2C%22after%22%3A%22%22%2C%22fallback%22%3A%22%22%7D\"]","link":"[elementor-tag id=\"b0ff79c\" name=\"post-url\" settings=\"%7B%7D\"]"},"title":"Add Your Heading Text Here","header_size":"h2","__globals__":{"typography_typography":"globals\/typography?id=19e235d","title_color":"globals\/colors?id=dff046c"}},"elements":[],"isInner":false,"widgetType":"theme-post-title","elType":"widget"},{"id":"6692f494","settings":{"__dynamic__":{"excerpt":"[elementor-tag id=\"\" name=\"post-excerpt\" settings=\"%7B%22max_length%22%3A%22%22%2C%22apply_to_post_content%22%3A%22no%22%2C%22before%22%3A%22%22%2C%22after%22%3A%22%22%2C%22fallback%22%3A%22%22%7D\"]"},"_margin":{"unit":"px","top":"10","right":"0","bottom":"0","left":"0","isLinked":false},"_css_classes":"event-con","__globals__":{"typography_typography":"globals\/typography?id=3590615"}},"elements":[],"isInner":false,"widgetType":"theme-post-excerpt","elType":"widget"}],"isInner":true,"elType":"container"}],"isInner":false,"elType":"container"}],"page_settings":[],"version":"0.4","title":"Event Loop","type":"loop-item"}