{"content":[{"id":"54383ebd","settings":[],"elements":[{"id":"3e922587","settings":{"_column_size":100,"_inline_size":null},"elements":[{"id":"6bd49d9","settings":[],"elements":[],"isInner":false,"widgetType":"tec_events_elementor_widget_event_calendar_link","elType":"widget"},{"id":"18051a31","settings":[],"elements":[],"isInner":false,"widgetType":"tec_events_elementor_widget_event_status","elType":"widget"},{"id":"6ac5cf7e","settings":[],"elements":[],"isInner":false,"widgetType":"tec_events_elementor_widget_event_title","elType":"widget"},{"id":"5b66a0b1","settings":{"show_datetime_year":true,"show_datetime_date":true,"show_datetime_time":true},"elements":[],"isInner":false,"widgetType":"tec_events_elementor_widget_event_datetime","elType":"widget"},{"id":"5d03832a","settings":[],"elements":[],"isInner":false,"widgetType":"tec_events_elementor_widget_event_cost","elType":"widget"},{"id":"75be4056","settings":{"width":{"unit":"%","size":100,"sizes":[]},"height":{"unit":"px","size":650,"sizes":[]}},"elements":[],"isInner":false,"widgetType":"tec_events_elementor_widget_event_image","elType":"widget"},{"id":"33be6ab","settings":[],"elements":[],"isInner":false,"widgetType":"theme-post-content","elType":"widget"},{"id":"38591956","settings":{"layout":"full_width","structure":"20","padding":{"unit":"px","top":"30","right":"0","bottom":"30","left":"0","isLinked":false}},"elements":[{"id":"2f011579","settings":{"_column_size":50,"_inline_size":null},"elements":[{"id":"30b84364","settings":[],"elements":[],"isInner":false,"widgetType":"tec_events_elementor_widget_event_categories","elType":"widget"},{"id":"3a1d0485","settings":[],"elements":[],"isInner":false,"widgetType":"tec_events_elementor_widget_event_tags","elType":"widget"},{"id":"5ad36be2","settings":[],"elements":[],"isInner":false,"widgetType":"tec_events_elementor_widget_event_website","elType":"widget"}],"isInner":true,"elType":"column"},{"id":"70091a8e","settings":{"_column_size":50,"_inline_size":null},"elements":[{"id":"7753c801","settings":[],"elements":[],"isInner":false,"widgetType":"tec_events_elementor_widget_event_organizer","elType":"widget"}],"isInner":true,"elType":"column"}],"isInner":true,"elType":"section"},{"id":"5ada4fe7","settings":{"layout":"full_width","padding":{"unit":"px","top":"30","right":"0","bottom":"30","left":"0","isLinked":false}},"elements":[{"id":"6aab065c","settings":{"_column_size":100,"_inline_size":null},"elements":[{"id":"3dea7393","settings":[],"elements":[],"isInner":false,"widgetType":"tec_events_elementor_widget_event_venue","elType":"widget"}],"isInner":true,"elType":"column"}],"isInner":true,"elType":"section"},{"id":"23232174","settings":{"layout":"full_width","padding":{"unit":"px","top":"30","right":"0","bottom":"30","left":"0","isLinked":false}},"elements":[{"id":"117de03a","settings":{"_column_size":100,"_inline_size":null},"elements":[{"id":"2fc60645","settings":[],"elements":[],"isInner":false,"widgetType":"tec_events_elementor_widget_event_export","elType":"widget"}],"isInner":true,"elType":"column"}],"isInner":true,"elType":"section"},{"id":"19410454","settings":{"margin":{"unit":"px","top":"0","right":0,"bottom":"50","left":0,"isLinked":false}},"elements":[{"id":"227dc74","settings":{"_column_size":100,"_inline_size":null},"elements":[{"id":"2ddaa228","settings":[],"elements":[],"isInner":false,"widgetType":"tec_events_elementor_widget_event_navigation","elType":"widget"}],"isInner":true,"elType":"column"}],"isInner":true,"elType":"section"}],"isInner":false,"elType":"column"}],"isInner":false,"elType":"section"}],"page_settings":[],"version":"0.4","title":"The Events Calendar - Dynamic template","type":"tec_event_single_dynamic"}