{"content":[{"id":"6795a068","settings":{"flex_direction":"column","css_classes":"news-item"},"elements":[{"id":"4b350bda","settings":{"content_width":"full","flex_gap":{"column":"0","row":"0","isLinked":true,"unit":"px","size":0}},"elements":[{"id":"343e6590","settings":{"__dynamic__":{"image":"[elementor-tag id=\"\" name=\"post-featured-image\" settings=\"%7B%22fallback%22%3A%7B%22url%22%3A%22%22%2C%22id%22%3A%22%22%2C%22size%22%3A%22%22%7D%7D\"]"},"image_size":"full","width":{"unit":"%","size":100,"sizes":[]},"image_border_radius":{"unit":"px","top":"16","right":"16","bottom":"16","left":"16","isLinked":true},"_element_width":"inherit","_css_classes":"news-fea-img"},"elements":[],"isInner":false,"widgetType":"theme-post-featured-image","elType":"widget"},{"id":"343c5791","settings":{"icon_list":[{"selected_icon":{"value":"fas fa-calendar","library":"fa-solid"},"_id":"283773d","date_format":"0","custom_date_format":"F j, Y","custom_time_format":"g:i a","link":"","show_icon":"none"}],"_padding":{"unit":"px","top":"8","right":"25","bottom":"8","left":"25","isLinked":false},"_flex_align_self":"flex-start","_position":"absolute","_offset_orientation_v":"end","_background_background":"classic","_border_radius":{"unit":"px","top":"0","right":"10","bottom":"0","left":"0","isLinked":false},"__globals__":{"icon_typography_typography":"globals\/typography?id=3be1b04","text_color":"globals\/colors?id=fcd376b","_background_color":"globals\/colors?id=ea9ec76"}},"elements":[],"isInner":false,"widgetType":"post-info","elType":"widget"}],"isInner":true,"elType":"container"},{"id":"1a5631ff","settings":{"content_width":"full","flex_gap":{"column":"10","row":"10","isLinked":true,"unit":"px","size":10}},"elements":[{"id":"5e12f945","settings":{"__dynamic__":{"title":"[elementor-tag id=\"\" name=\"post-title\" settings=\"%7B%22before%22%3A%22%22%2C%22after%22%3A%22%22%2C%22fallback%22%3A%22%22%7D\"]","link":"[elementor-tag id=\"7ddf38b\" name=\"post-url\" settings=\"%7B%7D\"]"},"title":"Add Your Heading Text Here","header_size":"h2","__globals__":{"typography_typography":"globals\/typography?id=19e235d","title_color":"globals\/colors?id=dff046c"}},"elements":[],"isInner":false,"widgetType":"theme-post-title","elType":"widget"},{"id":"5f6f943a","settings":{"__dynamic__":{"excerpt":"[elementor-tag id=\"\" name=\"post-excerpt\" settings=\"%7B%22max_length%22%3A%22%22%2C%22apply_to_post_content%22%3A%22no%22%2C%22before%22%3A%22%22%2C%22after%22%3A%22%22%2C%22fallback%22%3A%22%22%7D\"]"},"_css_classes":"news-con","__globals__":{"typography_typography":"globals\/typography?id=3590615","title_color":"globals\/colors?id=dff046c"}},"elements":[],"isInner":false,"widgetType":"theme-post-excerpt","elType":"widget"},{"id":"78c556c1","settings":{"text":"Read More","icon_indent":{"unit":"px","size":8,"sizes":[]},"align":"left","button_box_shadow_box_shadow":{"horizontal":0,"vertical":4,"blur":4,"spread":0,"color":"rgba(0, 0, 0, 0.25)"},"border_radius":{"unit":"px","top":"0","right":"0","bottom":"0","left":"0","isLinked":true},"text_padding":{"unit":"px","top":"0","right":"0","bottom":"0","left":"0","isLinked":true},"_element_custom_width":{"unit":"px","size":323,"sizes":[]},"__globals__":{"typography_typography":"globals\/typography?id=eaf09c3","button_background_hover_color":"","button_text_color":"globals\/colors?id=ea9ec76","hover_color":"globals\/colors?id=ea9ec76"},"_padding":{"unit":"px","top":"0","right":"0","bottom":"0","left":"0","isLinked":false},"_padding_mobile":{"unit":"px","top":"0","right":"0","bottom":"0","left":"0","isLinked":false},"_element_custom_width_mobile":{"unit":"px","size":250,"sizes":[]},"_flex_order_mobile":"custom","background_color_stop_laptop":{"unit":"%","size":"","sizes":[]},"background_color_stop_tablet":{"unit":"%","size":"","sizes":[]},"background_color_stop_mobile_extra":{"unit":"%","size":"","sizes":[]},"background_color_stop_mobile":{"unit":"%","size":"","sizes":[]},"background_color_b_stop_laptop":{"unit":"%","size":"","sizes":[]},"background_color_b_stop_tablet":{"unit":"%","size":"","sizes":[]},"background_color_b_stop_mobile_extra":{"unit":"%","size":"","sizes":[]},"background_color_b_stop_mobile":{"unit":"%","size":"","sizes":[]},"background_gradient_angle_laptop":{"unit":"deg","size":"","sizes":[]},"background_gradient_angle_tablet":{"unit":"deg","size":"","sizes":[]},"background_gradient_angle_mobile_extra":{"unit":"deg","size":"","sizes":[]},"background_gradient_angle_mobile":{"unit":"deg","size":"","sizes":[]},"button_background_hover_color_stop_laptop":{"unit":"%","size":"","sizes":[]},"button_background_hover_color_stop_tablet":{"unit":"%","size":"","sizes":[]},"button_background_hover_color_stop_mobile_extra":{"unit":"%","size":"","sizes":[]},"button_background_hover_color_stop_mobile":{"unit":"%","size":"","sizes":[]},"button_background_hover_color_b_stop_laptop":{"unit":"%","size":"","sizes":[]},"button_background_hover_color_b_stop_tablet":{"unit":"%","size":"","sizes":[]},"button_background_hover_color_b_stop_mobile_extra":{"unit":"%","size":"","sizes":[]},"button_background_hover_color_b_stop_mobile":{"unit":"%","size":"","sizes":[]},"button_background_hover_gradient_angle_laptop":{"unit":"deg","size":"","sizes":[]},"button_background_hover_gradient_angle_tablet":{"unit":"deg","size":"","sizes":[]},"button_background_hover_gradient_angle_mobile_extra":{"unit":"deg","size":"","sizes":[]},"button_background_hover_gradient_angle_mobile":{"unit":"deg","size":"","sizes":[]},"_background_color_stop_laptop":{"unit":"%","size":"","sizes":[]},"_background_color_stop_tablet":{"unit":"%","size":"","sizes":[]},"_background_color_stop_mobile_extra":{"unit":"%","size":"","sizes":[]},"_background_color_stop_mobile":{"unit":"%","size":"","sizes":[]},"_background_color_b_stop_laptop":{"unit":"%","size":"","sizes":[]},"_background_color_b_stop_tablet":{"unit":"%","size":"","sizes":[]},"_background_color_b_stop_mobile_extra":{"unit":"%","size":"","sizes":[]},"_background_color_b_stop_mobile":{"unit":"%","size":"","sizes":[]},"_background_gradient_angle_laptop":{"unit":"deg","size":"","sizes":[]},"_background_gradient_angle_tablet":{"unit":"deg","size":"","sizes":[]},"_background_gradient_angle_mobile_extra":{"unit":"deg","size":"","sizes":[]},"_background_gradient_angle_mobile":{"unit":"deg","size":"","sizes":[]},"_background_hover_color_stop_laptop":{"unit":"%","size":"","sizes":[]},"_background_hover_color_stop_tablet":{"unit":"%","size":"","sizes":[]},"_background_hover_color_stop_mobile_extra":{"unit":"%","size":"","sizes":[]},"_background_hover_color_stop_mobile":{"unit":"%","size":"","sizes":[]},"_background_hover_color_b_stop_laptop":{"unit":"%","size":"","sizes":[]},"_background_hover_color_b_stop_tablet":{"unit":"%","size":"","sizes":[]},"_background_hover_color_b_stop_mobile_extra":{"unit":"%","size":"","sizes":[]},"_background_hover_color_b_stop_mobile":{"unit":"%","size":"","sizes":[]},"_background_hover_gradient_angle_laptop":{"unit":"deg","size":"","sizes":[]},"_background_hover_gradient_angle_tablet":{"unit":"deg","size":"","sizes":[]},"_background_hover_gradient_angle_mobile_extra":{"unit":"deg","size":"","sizes":[]},"_background_hover_gradient_angle_mobile":{"unit":"deg","size":"","sizes":[]},"typography_typography":"custom","typography_font_family":"Source Sans Pro","typography_font_size":{"unit":"px","size":20,"sizes":[]},"typography_font_size_mobile_extra":{"unit":"px","size":18,"sizes":[]},"typography_font_size_mobile":{"unit":"px","size":16,"sizes":[]},"typography_font_weight":"400","typography_text_decoration":"underline","typography_line_height":{"unit":"em","size":1.25,"sizes":[]},"button_text_color":"#00963E","background_color":"#00963E00","button_background_hover_color":"#2E415500","_css_classes":"read-more-btn","__dynamic__":{"link":"[elementor-tag id=\"4bed331\" name=\"post-url\" settings=\"%7B%7D\"]"}},"elements":[],"isInner":false,"widgetType":"button","elType":"widget"}],"isInner":true,"elType":"container"}],"isInner":false,"elType":"container"}],"page_settings":[],"version":"0.4","title":"New Grid","type":"loop-item"}