{"content":[{"id":"6b6c8bed","settings":{"flex_direction":"row","flex_justify_content":"space-between","background_background":"classic","border_radius":{"unit":"px","top":"0","right":"0","bottom":"0","left":"360","isLinked":false},"padding":{"unit":"px","top":"38","right":"20","bottom":"38","left":"20","isLinked":false},"__globals__":{"background_color":"globals\/colors?id=ea9ec76"},"flex_align_items":"center","flex_justify_content_mobile":"flex-end","flex_align_items_mobile":"center","border_radius_laptop":{"unit":"px","top":"0","right":"0","bottom":"0","left":"260","isLinked":false},"border_radius_mobile":{"unit":"px","top":"0","right":"0","bottom":"0","left":"140","isLinked":false},"padding_mobile":{"unit":"px","top":"38","right":"20","bottom":"60","left":"20","isLinked":false}},"elements":[{"id":"35cb0a1a","settings":{"flex_direction":"column","content_width":"full","width":{"unit":"custom","size":"calc(100% - 480px)"},"padding":{"unit":"px","top":"0","right":"0","bottom":"0","left":"160","isLinked":false},"padding_tablet":{"unit":"px","top":"0","right":"0","bottom":"0","left":"100","isLinked":false},"padding_mobile":{"unit":"px","top":"0","right":"0","bottom":"0","left":"0","isLinked":false},"padding_mobile_extra":{"unit":"px","top":"0","right":"0","bottom":"0","left":"80","isLinked":false},"width_laptop":{"unit":"custom","size":"calc(100% - 480px)","sizes":[]},"width_tablet":{"unit":"custom","size":"calc(100% - 400px)","sizes":[]},"width_mobile_extra":{"unit":"custom","size":"calc(100% - 350px)","sizes":[]},"width_mobile":{"unit":"custom","size":"","sizes":[]}},"elements":[{"id":"29b7698a","settings":{"title":"Technical Expertise in Fluid Power","header_size":"h1","_element_width":"initial","_element_custom_width":{"unit":"px","size":524,"sizes":[]},"__globals__":{"typography_typography":"globals\/typography?id=9c0e0e4","title_color":"globals\/colors?id=5fd05f4"},"align_mobile":"start","_element_custom_width_tablet":{"unit":"px","size":440,"sizes":[]},"_element_custom_width_mobile":{"unit":"px","size":290,"sizes":[]}},"elements":[],"isInner":false,"widgetType":"heading","elType":"widget"}],"isInner":true,"elType":"container"},{"id":"191cfac9","settings":{"icon_list":[{"text":"Hydraulics and Pneumatics","selected_icon":{"value":{"url":"https:\/\/demolink.info\/cetop\/wp-content\/uploads\/2025\/12\/gray-arrow.svg","id":669},"library":"svg"},"_id":"9542db8","link":{"url":"#hydraulics-and-pneumatics","is_external":"","nofollow":"","custom_attributes":""}},{"text":"Industrial Applications","selected_icon":{"value":{"url":"https:\/\/demolink.info\/cetop\/wp-content\/uploads\/2025\/12\/gray-arrow.svg","id":669},"library":"svg"},"_id":"0332ffc","link":{"url":"#industrial-applications","is_external":"","nofollow":"","custom_attributes":""}},{"text":"Energy and Resource Efficiency","selected_icon":{"value":{"url":"https:\/\/demolink.info\/cetop\/wp-content\/uploads\/2025\/12\/gray-arrow.svg","id":669},"library":"svg"},"_id":"f74e6ef","link":{"url":"#energy-and-resource-efficiency","is_external":"","nofollow":"","custom_attributes":""}},{"text":"Digital Transformation","selected_icon":{"value":{"url":"https:\/\/demolink.info\/cetop\/wp-content\/uploads\/2025\/12\/gray-arrow.svg","id":669},"library":"svg"},"_id":"0ae9f12","link":{"url":"#digital-transformation","is_external":"","nofollow":"","custom_attributes":""}},{"text":"Publications: Postion Papers","selected_icon":{"value":{"url":"https:\/\/demolink.info\/cetop\/wp-content\/uploads\/2025\/12\/gray-arrow.svg","id":669},"library":"svg"},"_id":"c84befc","link":{"url":"#publications","is_external":"","nofollow":"","custom_attributes":""}}],"space_between":{"unit":"px","size":12,"sizes":[]},"icon_size":{"unit":"px","size":20,"sizes":[]},"text_indent":{"unit":"px","size":0,"sizes":[]},"_padding":{"unit":"px","top":"0","right":"0","bottom":"0","left":"32","isLinked":false},"_border_border":"solid","_border_width":{"unit":"px","top":"0","right":"0","bottom":"0","left":"2","isLinked":false},"__globals__":{"text_color":"globals\/colors?id=5fd05f4","_border_color":"globals\/colors?id=5fd05f4","icon_typography_typography":"globals\/typography?id=804a8f2","text_color_hover":"globals\/colors?id=5fd05f4"},"text_color_hover_transition":{"unit":"s","size":1,"sizes":[]},"_css_classes":"link-list","_padding_mobile":{"unit":"px","top":"0","right":"0","bottom":"0","left":"20","isLinked":false},"_flex_align_self_mobile":"flex-start","_element_width":"initial","_element_custom_width":{"unit":"px","size":460,"sizes":[]},"_element_custom_width_tablet":{"unit":"px","size":380,"sizes":[]},"_element_custom_width_mobile":{"unit":"custom","size":"auto","sizes":[]},"_element_custom_width_laptop":{"unit":"px","size":460,"sizes":[]},"_element_custom_width_mobile_extra":{"unit":"px","size":330,"sizes":[]}},"elements":[],"isInner":false,"widgetType":"icon-list","elType":"widget"}],"isInner":false,"elType":"container"}],"page_settings":{"hide_title":"yes"},"version":"0.4","title":"Banner Sec","type":"container"}