{"content":[{"id":"8bc4c8e","settings":[],"elements":[{"id":"ac844e1","settings":{"_column_size":100,"_inline_size":null},"elements":[{"id":"471f24b3","settings":[],"elements":[],"isInner":false,"widgetType":"tec_events_elementor_widget_event_calendar_link","elType":"widget"},{"id":"12c3ab90","settings":[],"elements":[],"isInner":false,"widgetType":"tec_events_elementor_widget_event_status","elType":"widget"},{"id":"752bc9db","settings":[],"elements":[],"isInner":false,"widgetType":"tec_events_elementor_widget_event_title","elType":"widget"},{"id":"3b9b8c50","settings":{"show_datetime_year":true,"show_datetime_date":true,"show_datetime_time":true},"elements":[],"isInner":false,"widgetType":"tec_events_elementor_widget_event_datetime","elType":"widget"},{"id":"7a7e767d","settings":[],"elements":[],"isInner":false,"widgetType":"tec_events_elementor_widget_event_cost","elType":"widget"},{"id":"9b8c266","settings":{"width":{"unit":"%","size":100,"sizes":[]},"height":{"unit":"px","size":650,"sizes":[]}},"elements":[],"isInner":false,"widgetType":"tec_events_elementor_widget_event_image","elType":"widget"},{"id":"6a09e970","settings":{"layout":"full_width","structure":"20","padding":{"unit":"px","top":"30","right":"0","bottom":"30","left":"0","isLinked":false}},"elements":[{"id":"5865687","settings":{"_column_size":50,"_inline_size":null},"elements":[{"id":"4b5ad588","settings":[],"elements":[],"isInner":false,"widgetType":"tec_events_elementor_widget_event_categories","elType":"widget"},{"id":"6f9a2480","settings":[],"elements":[],"isInner":false,"widgetType":"tec_events_elementor_widget_event_tags","elType":"widget"},{"id":"57097a6b","settings":[],"elements":[],"isInner":false,"widgetType":"tec_events_elementor_widget_event_website","elType":"widget"}],"isInner":true,"elType":"column"},{"id":"8245ae4","settings":{"_column_size":50,"_inline_size":null},"elements":[{"id":"4bbc9bfa","settings":[],"elements":[],"isInner":false,"widgetType":"tec_events_elementor_widget_event_organizer","elType":"widget"}],"isInner":true,"elType":"column"}],"isInner":true,"elType":"section"},{"id":"34757d4f","settings":{"layout":"full_width","padding":{"unit":"px","top":"30","right":"0","bottom":"30","left":"0","isLinked":false}},"elements":[{"id":"284c8bfb","settings":{"_column_size":100,"_inline_size":null},"elements":[{"id":"29859edf","settings":[],"elements":[],"isInner":false,"widgetType":"tec_events_elementor_widget_event_venue","elType":"widget"}],"isInner":true,"elType":"column"}],"isInner":true,"elType":"section"},{"id":"26cd3a4d","settings":{"layout":"full_width","padding":{"unit":"px","top":"30","right":"0","bottom":"30","left":"0","isLinked":false}},"elements":[{"id":"220d3299","settings":{"_column_size":100,"_inline_size":null},"elements":[{"id":"128cea3b","settings":[],"elements":[],"isInner":false,"widgetType":"tec_events_elementor_widget_event_export","elType":"widget"}],"isInner":true,"elType":"column"}],"isInner":true,"elType":"section"},{"id":"135d8251","settings":{"margin":{"unit":"px","top":"0","right":0,"bottom":"50","left":0,"isLinked":false}},"elements":[{"id":"17aded34","settings":{"_column_size":100,"_inline_size":null},"elements":[{"id":"75ad127","settings":[],"elements":[],"isInner":false,"widgetType":"tec_events_elementor_widget_event_navigation","elType":"widget"}],"isInner":true,"elType":"column"}],"isInner":true,"elType":"section"}],"isInner":false,"elType":"column"}],"isInner":false,"elType":"section"}],"page_settings":[],"version":"0.4","title":"The Events Calendar - Starter","type":"tec_event_single_static"}