{"content":[{"id":"3cac82d9","settings":{"flex_direction":"column","background_background":"classic","padding":{"unit":"px","top":"53","right":"20","bottom":"65","left":"20","isLinked":false},"__globals__":{"background_color":"globals\/colors?id=d4bde96"},"flex_gap":{"column":"0","row":"0","isLinked":true,"unit":"px","size":0},"padding_mobile":{"unit":"px","top":"60","right":"20","bottom":"116","left":"20","isLinked":false}},"elements":[{"id":"b6feae7","settings":{"content_width":"full","padding":{"unit":"px","top":"0","right":"0","bottom":"37","left":"0","isLinked":false},"flex_wrap":"wrap","flex_direction":"row","flex_gap":{"column":"36","row":"46","isLinked":false,"unit":"px","size":36},"border_border":"solid","border_width":{"unit":"px","top":"0","right":"0","bottom":"2","left":"0","isLinked":false},"__globals__":{"border_color":"globals\/colors?id=48c7d6e"},"flex_gap_mobile":{"column":"25","row":"25","isLinked":true,"unit":"px","size":25}},"elements":[{"id":"134ac150","settings":{"title":"Contact","title_color":"#FFFFFF","__globals__":{"title_color":"globals\/colors?id=fcd376b","typography_typography":"globals\/typography?id=39b4c85"},"_element_width":"inherit"},"elements":[],"isInner":false,"widgetType":"heading","elType":"widget"},{"id":"511696ba","settings":{"editor":"CETOP General Secretariat Lyoner Stra\u00dfe 18 <br>D-60528 Frankfurt am Main","text_color":"#FFFFFF","_element_width":"initial","_element_custom_width":{"unit":"px","size":180,"sizes":[]},"__globals__":{"typography_typography":"globals\/typography?id=3e8e9c3","text_color":"globals\/colors?id=fcd376b"}},"elements":[],"isInner":false,"widgetType":"text-editor","elType":"widget"},{"id":"5113d70c","settings":{"icon_list":[{"text":"+ 49 (0)69 66 03 1201","selected_icon":{"value":"fas fa-phone-alt","library":"fa-solid"},"_id":"d9fae1b","link":{"url":"tel:+ 49 (0)69 66 03 1201","is_external":"","nofollow":"","custom_attributes":""}},{"text":"+ 49 (0)69 66 03 2201","selected_icon":{"value":"fas fa-fax","library":"fa-solid"},"link":{"url":"tel:+ 49 (0)69 66 03 2201","is_external":"","nofollow":"","custom_attributes":""},"_id":"7fd059f"},{"text":" <u>info@cetop.org<\/u>","selected_icon":{"value":"fas fa-envelope","library":"fa-solid"},"link":{"url":"mailto:info@cetop.org","is_external":"","nofollow":"","custom_attributes":""},"_id":"ed0845c"}],"space_between":{"unit":"px","size":1,"sizes":[]},"icon_size":{"unit":"px","size":16,"sizes":[]},"text_indent":{"unit":"px","size":0,"sizes":[]},"_element_width":"initial","_element_custom_width":{"unit":"px","size":158,"sizes":[]},"_css_classes":"contact-list","__globals__":{"icon_color":"globals\/colors?id=fcd376b","text_color":"globals\/colors?id=fcd376b","icon_typography_typography":"globals\/typography?id=3e8e9c3"}},"elements":[],"isInner":false,"widgetType":"icon-list","elType":"widget"}],"isInner":true,"elType":"container"},{"id":"72437c55","settings":{"content_width":"full","flex_direction":"row","flex_justify_content":"space-between","flex_align_items":"center","flex_gap_mobile":{"column":"5","row":"5","isLinked":true,"unit":"px","size":5},"flex_wrap_mobile":"nowrap","padding":{"unit":"px","top":"6","right":"14","bottom":"0","left":"0","isLinked":false},"padding_mobile":{"unit":"px","top":"10","right":"4","bottom":"0","left":"4","isLinked":false}},"elements":[{"id":"7879fb12","settings":{"menu_name":"Menu","menu":"footer-menu","padding_horizontal_menu_item":{"unit":"px","size":8,"sizes":[]},"padding_vertical_menu_item":{"unit":"px","size":4,"sizes":[]},"menu_space_between":{"unit":"px","size":19,"sizes":[]},"__globals__":{"color_menu_item":"globals\/colors?id=fcd376b","menu_typography_typography":"globals\/typography?id=e598e16","color_menu_item_hover":"globals\/colors?id=fcd376b","color_menu_item_active":"globals\/colors?id=fcd376b"},"pointer":"none","dropdown":"none","padding_horizontal_menu_item_mobile":{"unit":"px","size":4,"sizes":[]},"menu_space_between_mobile":{"unit":"px","size":8,"sizes":[]},"menu_id":6},"elements":[],"isInner":false,"widgetType":"nav-menu","elType":"widget"},{"id":"3bc648ab","settings":{"title":"Add Your Heading Text Here","__dynamic__":{"title":"[elementor-tag id=\"d24827d\" name=\"current-date-time\" settings=\"%7B%22date_format%22%3A%22custom%22%2C%22custom_format%22%3A%22Y%22%2C%22before%22%3A%22%C2%A9%20CETOP%20%22%7D\"]"},"__globals__":{"title_color":"globals\/colors?id=fcd376b","typography_typography":"globals\/typography?id=3e8e9c3"}},"elements":[],"isInner":false,"widgetType":"heading","elType":"widget"}],"isInner":true,"elType":"container"}],"isInner":false,"elType":"container"},{"id":"26e9ec34","settings":{"flex_direction":"row","flex_justify_content":"flex-end","flex_align_items":"center","flex_gap":{"column":"40","row":"40","isLinked":true,"unit":"px","size":40},"background_background":"classic","padding":{"unit":"px","top":"16","right":"20","bottom":"16","left":"20","isLinked":false},"__globals__":{"background_color":"globals\/colors?id=dff046c"},"flex_justify_content_mobile":"space-between","hide_desktop":"hidden-desktop","hide_laptop":"hidden-laptop","hide_tablet":"hidden-tablet","_title":"Fix Header","position":"fixed","_offset_orientation_v":"end","_offset_y_end_mobile":{"unit":"px","size":0,"sizes":[]},"z_index":2,"z_index_mobile":5,"hide_mobile_extra":"hidden-mobile_extra"},"elements":[{"id":"652f548f","settings":{"view":"inline","icon_list":[{"text":"News","selected_icon":{"value":{"url":"https:\/\/demolink.info\/cetop\/wp-content\/uploads\/2025\/12\/News.svg","id":40},"library":"svg"},"_id":"d88c27a","link":{"url":"#","is_external":"","nofollow":"","custom_attributes":""},"__dynamic__":{"link":"[elementor-tag id=\"9b30e4c\" name=\"internal-url\" settings=\"%7B%22type%22%3A%22post%22%2C%22post_id%22%3A%222217%22%7D\"]"}},{"text":"Events","selected_icon":{"value":{"url":"https:\/\/demolink.info\/cetop\/wp-content\/uploads\/2025\/12\/Events.svg","id":42},"library":"svg"},"link":{"url":"#","is_external":"","nofollow":"","custom_attributes":""},"_id":"58d92ed","__dynamic__":{"link":"[elementor-tag id=\"68f77f8\" name=\"internal-url\" settings=\"%7B%22type%22%3A%22post%22%2C%22post_id%22%3A%222320%22%7D\"]"}},{"text":"Press","selected_icon":{"value":{"url":"https:\/\/demolink.info\/cetop\/wp-content\/uploads\/2025\/12\/Publication.svg","id":41},"library":"svg"},"link":{"url":"#","is_external":"","nofollow":"","custom_attributes":""},"_id":"df58fcf"}],"space_between":{"unit":"px","size":40,"sizes":[]},"icon_align":"end","__globals__":{"icon_typography_typography":"globals\/typography?id=2e8a051","text_color":"globals\/colors?id=33ee386","text_color_hover":"globals\/colors?id=5fd05f4"},"icon_align_mobile":"center","icon_size_mobile":{"unit":"px","size":24,"sizes":[]},"text_indent":{"unit":"px","size":0,"sizes":[]},"icon_self_align_mobile":"center","icon_vertical_offset_mobile":{"unit":"px","size":0,"sizes":[]},"_element_width_mobile":"inherit","_flex_align_self_mobile":"stretch","_css_classes":"top-icon-list","space_between_mobile":{"unit":"px","size":20,"sizes":[]}},"elements":[],"isInner":false,"widgetType":"icon-list","elType":"widget"}],"isInner":false,"elType":"container"}],"page_settings":[],"version":"0.4","title":"Footer","type":"footer"}