{"content":[{"id":"763acfa8","settings":{"flex_direction":"row","flex_gap":{"unit":"px","size":125,"column":"125","row":"125","isLinked":true},"content_width":"full","padding":{"unit":"px","top":"60","right":"0","bottom":"60","left":"0","isLinked":false},"flex_direction_mobile_extra":"column","flex_gap_laptop":{"column":"80","row":"80","isLinked":true,"unit":"px","size":80},"flex_gap_tablet":{"column":"60","row":"60","isLinked":true,"unit":"px","size":60},"flex_gap_mobile_extra":{"column":"40","row":"40","isLinked":true,"unit":"px","size":40},"flex_gap_mobile":{"column":"30","row":"30","isLinked":true,"unit":"px","size":30}},"elements":[{"id":"642358fb","settings":{"flex_direction":"column","content_width":"full","width":{"unit":"%","size":38},"width_laptop":{"unit":"%","size":40,"sizes":[]},"width_tablet":{"unit":"%","size":"","sizes":[]},"width_mobile_extra":{"unit":"%","size":100,"sizes":[]},"width_mobile":{"unit":"%","size":"","sizes":[]},"padding_mobile_extra":{"unit":"px","top":"0","right":"20","bottom":"0","left":"0","isLinked":false}},"elements":[{"id":"4f338b74","settings":{"image":{"url":"https:\/\/demolink.info\/cetop\/wp-content\/uploads\/2025\/12\/roboter.png","id":787,"size":"","alt":"","source":"library"},"image_size":"full","width":{"unit":"%","size":100,"sizes":[]},"height":{"unit":"%","size":100,"sizes":[]},"height_laptop":{"unit":"%","size":"","sizes":[]},"height_tablet":{"unit":"%","size":"","sizes":[]},"height_mobile":{"unit":"%","size":"","sizes":[]},"object-fit":"cover","object-position":"top left","image_border_radius":{"unit":"px","top":"0","right":"360","bottom":"360","left":"0","isLinked":false},"_css_classes":"h-100"},"elements":[],"isInner":false,"widgetType":"image","elType":"widget"}],"isInner":true,"elType":"container"},{"id":"4372386","settings":{"flex_direction":"column","content_width":"full","width":{"unit":"%","size":62},"flex_gap":{"column":"40","row":"40","isLinked":true,"unit":"px","size":40},"padding":{"unit":"custom","top":"0","right":"max(calc((100% - 1280px) \/ 2), 20px)","bottom":"0","left":"0","isLinked":false},"padding_laptop":{"unit":"custom","top":"","right":"","bottom":"","left":"","isLinked":true},"padding_tablet":{"unit":"custom","top":"","right":"","bottom":"","left":"","isLinked":true},"padding_mobile_extra":{"unit":"custom","top":"0","right":"20px","bottom":"0","left":"20px","isLinked":false},"padding_mobile":{"unit":"custom","top":"","right":"","bottom":"","left":"","isLinked":true},"width_laptop":{"unit":"%","size":60,"sizes":[]},"width_tablet":{"unit":"%","size":"","sizes":[]},"width_mobile_extra":{"unit":"%","size":100,"sizes":[]},"width_mobile":{"unit":"%","size":"","sizes":[]},"flex_gap_laptop":{"column":"30","row":"30","isLinked":true,"unit":"px","size":30},"flex_gap_tablet":{"column":"20","row":"20","isLinked":true,"unit":"px","size":20}},"elements":[{"id":"54f9932e","settings":{"content_width":"full","padding":{"unit":"px","top":"0","right":"0","bottom":"0","left":"0","isLinked":true},"flex_gap":{"column":"16","row":"16","isLinked":true,"unit":"px","size":16}},"elements":[{"id":"3b70804c","settings":{"title":"Representing technical interests","__globals__":{"typography_typography":"globals\/typography?id=51ac20e","title_color":"globals\/colors?id=dff046c"}},"elements":[],"isInner":false,"widgetType":"heading","elType":"widget"},{"id":"234cc49b","settings":{"editor":"<p>CETOP is also active in the field of the representation of technical interests, for example in the area of European Directives and the effect of these on the fluid power industry. With its Technical Commission, CETOP can draw on an excellent network of technical experts who discuss these subjects whenever necessary from the point of view of the fluid power industry. They produce statements or \u201cPosition Papers\u201c.<\/p>","__globals__":{"typography_typography":"globals\/typography?id=77db4ef"},"paragraph_spacing":{"unit":"px","size":0,"sizes":[]}},"elements":[],"isInner":false,"widgetType":"text-editor","elType":"widget"}],"isInner":true,"elType":"container"},{"id":"5db53b5f","settings":{"content_width":"full","padding":{"unit":"px","top":"0","right":"0","bottom":"0","left":"0","isLinked":true},"flex_gap":{"column":"16","row":"16","isLinked":true,"unit":"px","size":16}},"elements":[{"id":"6ae31dbd","settings":{"title":"What is Fluid Power and what does it do?","header_size":"h3","__globals__":{"typography_typography":"globals\/typography?id=19e235d","title_color":"globals\/colors?id=dff046c"}},"elements":[],"isInner":false,"widgetType":"heading","elType":"widget"},{"id":"4d46c54d","settings":{"editor":"<p>Fluid power \u2013 hydraulics and pneumatics \u2013 transmits force and power for drive, control and motion functions. Unlike electrical power transmission engineering, it uses the physical characteristics of a fluid such as oil, synthetic fluids, water, and air, to transmit force and power. We come across it in all aspects of our daily lives. Hardly any product is developed without the use of fluid power, and barely a machine or aircraft moves without it; we are just not aware of it most of the time.<\/p><p>\u00a0<\/p><p>Hydraulics and pneumatics manufacturers are suppliers for the entire manufacturing industry. Customer sectors include, for example, the automotive industry, the construction and agricultural machinery industry, conveying technology, manufacturers of food and packaging machines, woodworking and mobile machines, machine tools and printing machines, as well as electrical engineering, ship building, smelting plants and rolling mills, through to aviation and space travel, medical technology, environmental technology, the rubber and plastics industry, chemicals, electronics and semiconductor industry. Innovative developments of fluid power components and systems involving the latest materials and state-of-the-art electronics as well as motion and control systems are giving added impetus to technological progress.<\/p>","paragraph_spacing":{"unit":"px","size":0,"sizes":[]}},"elements":[],"isInner":false,"widgetType":"text-editor","elType":"widget"}],"isInner":true,"elType":"container"}],"isInner":true,"elType":"container"}],"isInner":false,"elType":"container"}],"page_settings":{"hide_title":"yes"},"version":"0.4","title":"Image-with-text sec","type":"container"}