{"content":[{"id":"4f8fdbe4","settings":{"flex_direction":"row","flex_justify_content":"space-between","background_background":"classic","border_radius":{"unit":"px","top":"0","right":"0","bottom":"0","left":"360","isLinked":false},"padding":{"unit":"px","top":"38","right":"20","bottom":"38","left":"20","isLinked":false},"__globals__":{"background_color":"globals\/colors?id=ea9ec76"},"flex_align_items":"center","flex_justify_content_mobile":"flex-end","flex_align_items_mobile":"center","border_radius_laptop":{"unit":"px","top":"0","right":"0","bottom":"0","left":"260","isLinked":false},"border_radius_mobile":{"unit":"px","top":"0","right":"0","bottom":"0","left":"140","isLinked":false},"padding_mobile":{"unit":"px","top":"40","right":"20","bottom":"60","left":"20","isLinked":false},"min_height":{"unit":"px","size":300,"sizes":[]},"min_height_mobile":{"unit":"custom","size":"auto","sizes":[]}},"elements":[{"id":"5b5cdede","settings":{"flex_direction":"column","content_width":"full","width":{"unit":"custom","size":"calc(100% - 480px)"},"padding":{"unit":"px","top":"0","right":"0","bottom":"0","left":"160","isLinked":false},"padding_tablet":{"unit":"px","top":"0","right":"0","bottom":"0","left":"100","isLinked":false},"padding_mobile":{"unit":"px","top":"0","right":"0","bottom":"0","left":"0","isLinked":false},"padding_mobile_extra":{"unit":"px","top":"0","right":"0","bottom":"0","left":"80","isLinked":false},"width_laptop":{"unit":"custom","size":"calc(100% - 480px)","sizes":[]},"width_tablet":{"unit":"custom","size":"calc(100% - 400px)","sizes":[]},"width_mobile_extra":{"unit":"custom","size":"calc(100% - 350px)","sizes":[]},"width_mobile":{"unit":"custom","size":"","sizes":[]}},"elements":[{"id":"1afab277","settings":{"title":"News article","header_size":"h1","_element_width":"initial","_element_custom_width":{"unit":"px","size":524,"sizes":[]},"__globals__":{"typography_typography":"globals\/typography?id=9c0e0e4","title_color":"globals\/colors?id=5fd05f4"},"align_mobile":"start","_element_custom_width_tablet":{"unit":"px","size":440,"sizes":[]},"_element_custom_width_mobile":{"unit":"px","size":290,"sizes":[]},"_background_color_stop_laptop":{"unit":"%","size":"","sizes":[]},"_background_color_stop_tablet":{"unit":"%","size":"","sizes":[]},"_background_color_stop_mobile_extra":{"unit":"%","size":"","sizes":[]},"_background_color_stop_mobile":{"unit":"%","size":"","sizes":[]},"_background_color_b_stop_laptop":{"unit":"%","size":"","sizes":[]},"_background_color_b_stop_tablet":{"unit":"%","size":"","sizes":[]},"_background_color_b_stop_mobile_extra":{"unit":"%","size":"","sizes":[]},"_background_color_b_stop_mobile":{"unit":"%","size":"","sizes":[]},"_background_gradient_angle_laptop":{"unit":"deg","size":"","sizes":[]},"_background_gradient_angle_tablet":{"unit":"deg","size":"","sizes":[]},"_background_gradient_angle_mobile_extra":{"unit":"deg","size":"","sizes":[]},"_background_gradient_angle_mobile":{"unit":"deg","size":"","sizes":[]},"_background_hover_color_stop_laptop":{"unit":"%","size":"","sizes":[]},"_background_hover_color_stop_tablet":{"unit":"%","size":"","sizes":[]},"_background_hover_color_stop_mobile_extra":{"unit":"%","size":"","sizes":[]},"_background_hover_color_stop_mobile":{"unit":"%","size":"","sizes":[]},"_background_hover_color_b_stop_laptop":{"unit":"%","size":"","sizes":[]},"_background_hover_color_b_stop_tablet":{"unit":"%","size":"","sizes":[]},"_background_hover_color_b_stop_mobile_extra":{"unit":"%","size":"","sizes":[]},"_background_hover_color_b_stop_mobile":{"unit":"%","size":"","sizes":[]},"_background_hover_gradient_angle_laptop":{"unit":"deg","size":"","sizes":[]},"_background_hover_gradient_angle_tablet":{"unit":"deg","size":"","sizes":[]},"_background_hover_gradient_angle_mobile_extra":{"unit":"deg","size":"","sizes":[]},"_background_hover_gradient_angle_mobile":{"unit":"deg","size":"","sizes":[]}},"elements":[],"isInner":false,"widgetType":"heading","elType":"widget"}],"isInner":true,"elType":"container"},{"id":"6460827d","settings":{"icon_list":[{"text":"Introduction","selected_icon":{"value":{"url":"https:\/\/demolink.info\/cetop\/wp-content\/uploads\/2025\/12\/gray-arrow.svg","id":669},"library":"svg"},"_id":"9542db8","link":{"url":"#introduction","is_external":"","nofollow":"","custom_attributes":""}},{"text":"History","selected_icon":{"value":{"url":"https:\/\/demolink.info\/cetop\/wp-content\/uploads\/2025\/12\/gray-arrow.svg","id":669},"library":"svg"},"_id":"c84befc","link":{"url":"#history","is_external":"","nofollow":"","custom_attributes":""}}],"space_between":{"unit":"px","size":12,"sizes":[]},"icon_size":{"unit":"px","size":20,"sizes":[]},"text_indent":{"unit":"px","size":0,"sizes":[]},"_padding":{"unit":"px","top":"0","right":"0","bottom":"0","left":"32","isLinked":false},"_border_border":"solid","_border_width":{"unit":"px","top":"0","right":"0","bottom":"0","left":"2","isLinked":false},"__globals__":{"text_color":"globals\/colors?id=5fd05f4","_border_color":"globals\/colors?id=5fd05f4","icon_typography_typography":"globals\/typography?id=804a8f2","text_color_hover":"globals\/colors?id=5fd05f4"},"text_color_hover_transition":{"unit":"s","size":1,"sizes":[]},"_css_classes":"link-list","_padding_mobile":{"unit":"px","top":"0","right":"0","bottom":"0","left":"20","isLinked":false},"_flex_align_self_mobile":"flex-start","_element_width":"initial","_element_custom_width":{"unit":"px","size":460,"sizes":[]},"_element_custom_width_tablet":{"unit":"px","size":380,"sizes":[]},"_element_custom_width_mobile":{"unit":"custom","size":"auto","sizes":[]},"_element_custom_width_laptop":{"unit":"px","size":460,"sizes":[]},"_element_custom_width_mobile_extra":{"unit":"px","size":330,"sizes":[]},"hide_desktop":"hidden-desktop","hide_laptop":"hidden-laptop","hide_tablet":"hidden-tablet","hide_mobile_extra":"hidden-mobile_extra","hide_mobile":"hidden-mobile","_background_color_stop_laptop":{"unit":"%","size":"","sizes":[]},"_background_color_stop_tablet":{"unit":"%","size":"","sizes":[]},"_background_color_stop_mobile_extra":{"unit":"%","size":"","sizes":[]},"_background_color_stop_mobile":{"unit":"%","size":"","sizes":[]},"_background_color_b_stop_laptop":{"unit":"%","size":"","sizes":[]},"_background_color_b_stop_tablet":{"unit":"%","size":"","sizes":[]},"_background_color_b_stop_mobile_extra":{"unit":"%","size":"","sizes":[]},"_background_color_b_stop_mobile":{"unit":"%","size":"","sizes":[]},"_background_gradient_angle_laptop":{"unit":"deg","size":"","sizes":[]},"_background_gradient_angle_tablet":{"unit":"deg","size":"","sizes":[]},"_background_gradient_angle_mobile_extra":{"unit":"deg","size":"","sizes":[]},"_background_gradient_angle_mobile":{"unit":"deg","size":"","sizes":[]},"_background_hover_color_stop_laptop":{"unit":"%","size":"","sizes":[]},"_background_hover_color_stop_tablet":{"unit":"%","size":"","sizes":[]},"_background_hover_color_stop_mobile_extra":{"unit":"%","size":"","sizes":[]},"_background_hover_color_stop_mobile":{"unit":"%","size":"","sizes":[]},"_background_hover_color_b_stop_laptop":{"unit":"%","size":"","sizes":[]},"_background_hover_color_b_stop_tablet":{"unit":"%","size":"","sizes":[]},"_background_hover_color_b_stop_mobile_extra":{"unit":"%","size":"","sizes":[]},"_background_hover_color_b_stop_mobile":{"unit":"%","size":"","sizes":[]},"_background_hover_gradient_angle_laptop":{"unit":"deg","size":"","sizes":[]},"_background_hover_gradient_angle_tablet":{"unit":"deg","size":"","sizes":[]},"_background_hover_gradient_angle_mobile_extra":{"unit":"deg","size":"","sizes":[]},"_background_hover_gradient_angle_mobile":{"unit":"deg","size":"","sizes":[]}},"elements":[],"isInner":false,"widgetType":"icon-list","elType":"widget"}],"isInner":false,"elType":"container"},{"id":"24af6cfc","settings":{"flex_direction":"column","boxed_width":{"unit":"px","size":1120,"sizes":[]},"flex_gap":{"column":"20","row":"20","isLinked":true,"unit":"px","size":20},"padding":{"unit":"px","top":"60","right":"20","bottom":"60","left":"20","isLinked":false}},"elements":[{"id":"26f3244f","settings":{"content_width":"full","width":{"unit":"%","size":100,"sizes":[]}},"elements":[{"id":"32cd4af1","settings":{"__dynamic__":{"image":"[elementor-tag id=\"\" name=\"post-featured-image\" settings=\"%7B%22fallback%22%3A%7B%22url%22%3A%22%22%2C%22id%22%3A%22%22%2C%22size%22%3A%22%22%7D%7D\"]"},"image_size":"full","width":{"unit":"%","size":100,"sizes":[]},"height":{"unit":"px","size":600,"sizes":[]},"object-fit":"cover","image_border_radius":{"unit":"px","top":"20","right":"20","bottom":"20","left":"20","isLinked":true},"height_tablet":{"unit":"px","size":400,"sizes":[]},"height_mobile":{"unit":"px","size":300,"sizes":[]}},"elements":[],"isInner":false,"widgetType":"theme-post-featured-image","elType":"widget"},{"id":"7e276501","settings":{"icon_list":[{"selected_icon":{"value":"fas fa-calendar-alt","library":"fa-solid"},"_id":"fd30da7","custom_date_format":"F j, Y","custom_time_format":"g:i a","show_icon":"custom"},{"_id":"8fe88ba","type":"custom","custom_date_format":"F j, Y","custom_time_format":"g:i a","custom_text":"cetop, news","link":"","show_icon":"custom","selected_icon":{"value":"fas fa-tags","library":"fa-solid"}}],"space_between":{"unit":"px","size":20,"sizes":[]},"icon_size":{"unit":"px","size":16,"sizes":[]},"text_indent":{"unit":"px","size":8,"sizes":[]},"__globals__":{"icon_typography_typography":"globals\/typography?id=3be1b04","text_color":"globals\/colors?id=dff046c","icon_color":"globals\/colors?id=dff046c"}},"elements":[],"isInner":false,"widgetType":"post-info","elType":"widget"},{"id":"6dd3913a","settings":{"__dynamic__":{"title":"[elementor-tag id=\"\" name=\"post-title\" settings=\"%7B%22before%22%3A%22%22%2C%22after%22%3A%22%22%2C%22fallback%22%3A%22%22%7D\"]"},"title":"Add Your Heading Text Here","header_size":"h2","_padding":{"unit":"px","top":"20","right":"0","bottom":"0","left":"0","isLinked":false},"__globals__":{"title_color":"globals\/colors?id=dff046c","typography_typography":"globals\/typography?id=39e8883"}},"elements":[],"isInner":false,"widgetType":"theme-post-title","elType":"widget"},{"id":"57ae98ca","settings":{"content_width":"full","flex_direction":"column","width":{"unit":"%","size":100,"sizes":[]},"flex_gap":{"column":"30","row":"30","isLinked":true,"unit":"px","size":30}},"elements":[{"id":"14cc66bf","settings":[],"elements":[],"isInner":false,"widgetType":"theme-post-content","elType":"widget"},{"id":"51973081","settings":{"social_icon_list":[{"social_icon":{"value":"fab fa-facebook-f","library":"fa-brands"},"_id":"534677b"},{"social_icon":{"value":"fab fa-linkedin-in","library":"fa-brands"},"_id":"5248b4b","link":{"url":"https:\/\/www.linkedin.com\/company\/cetop\/","is_external":"true","nofollow":"","custom_attributes":""}}],"shape":"circle","align":"right","icon_color":"custom","icon_size":{"unit":"px","size":16,"sizes":[]},"icon_padding":{"unit":"px","size":5,"sizes":[]},"icon_padding_tablet":{"unit":"px","size":"","sizes":[]},"icon_padding_mobile":{"unit":"px","size":"","sizes":[]},"icon_spacing":{"unit":"px","size":8,"sizes":[]},"border_radius":{"unit":"px","top":"0","right":"0","bottom":"0","left":"0","isLinked":true},"__globals__":{"icon_secondary_color":"globals\/colors?id=fcd376b","icon_primary_color":"globals\/colors?id=dff046c"}},"elements":[],"isInner":false,"widgetType":"social-icons","elType":"widget"}],"isInner":true,"elType":"container"}],"isInner":true,"elType":"container"},{"id":"2c81b5ef","settings":{"prev_label":"<< Previous","next_label":"Next >>","show_arrow":"","arrow_previous_icon":{"value":"","library":""},"arrow_next_icon":{"value":"","library":""},"show_borders":"","label_color":"#00963E","label_typography_typography":"custom","label_typography_font_family":"Source Sans Pro","label_typography_font_size":{"unit":"px","size":16,"sizes":[]},"label_typography_font_weight":"700","label_typography_text_transform":"uppercase","title_typography_typography":"custom","title_typography_font_family":"Source Sans Pro","title_typography_font_size":{"unit":"px","size":14,"sizes":[]},"title_typography_font_size_mobile_extra":{"unit":"px","size":18,"sizes":[]},"title_typography_font_size_mobile":{"unit":"px","size":16,"sizes":[]},"title_typography_font_weight":"400","title_typography_font_style":"italic","_padding":{"unit":"px","top":"20","right":"0","bottom":"0","left":"0","isLinked":false},"_border_border":"solid","_border_width":{"unit":"px","top":"1","right":"0","bottom":"0","left":"0","isLinked":false},"__globals__":{"label_color":"globals\/colors?id=ea9ec76","label_typography_typography":"globals\/typography?id=d2bb448","title_typography_typography":"","text_color":"globals\/colors?id=dff046c","_border_color":"globals\/colors?id=dff046c"},"label_typography_line_height":{"unit":"em","size":1.5,"sizes":[]},"title_typography_line_height":{"unit":"em","size":1.5,"sizes":[]}},"elements":[],"isInner":false,"widgetType":"post-navigation","elType":"widget"}],"isInner":false,"elType":"container"}],"page_settings":[],"version":"0.4","title":"News","type":"single-page"}