{"content":[{"id":"52c4bdf9","settings":{"flex_direction":"column","content_width":"full","flex_gap":{"column":"0","row":"0","isLinked":true,"unit":"px","size":0},"padding":{"unit":"px","top":"0","right":"0","bottom":"0","left":"0","isLinked":true},"css_classes":"main-header","motion_fx_translateY_speed":{"unit":"px","size":1,"sizes":[]},"motion_fx_translateY_affectedRange":{"unit":"%","size":"","sizes":{"start":0,"end":50}}},"elements":[{"id":"216cbd65","settings":{"flex_direction":"row","flex_justify_content":"flex-end","flex_align_items":"center","flex_gap":{"column":"40","row":"40","isLinked":true,"unit":"px","size":40},"background_background":"classic","padding":{"unit":"px","top":"16","right":"20","bottom":"16","left":"20","isLinked":false},"__globals__":{"background_color":"globals\/colors?id=dff046c"},"hide_mobile":"hidden-mobile","_title":"Top Bar"},"elements":[{"id":"74aebd3f","settings":{"selected_icon":{"value":{"url":"https:\/\/demolink.info\/cetop\/wp-content\/uploads\/2025\/12\/Linkdin.svg","id":33},"library":"svg"},"link":{"url":"https:\/\/www.linkedin.com\/company\/cetop\/?trk=biz-companies-cym","is_external":"on","nofollow":"","custom_attributes":""},"size":{"unit":"px","size":12,"sizes":[]},"_css_classes":"icon-lineheight"},"elements":[],"isInner":false,"widgetType":"icon","elType":"widget"},{"id":"7d72af36","settings":{"view":"inline","icon_list":[{"text":"News","selected_icon":{"value":"","library":""},"_id":"d88c27a","link":{"url":"#","is_external":"","nofollow":"","custom_attributes":""},"__dynamic__":{"link":"[elementor-tag id=\"4523a87\" name=\"internal-url\" settings=\"%7B%22type%22%3A%22post%22%2C%22post_id%22%3A%222217%22%7D\"]"}},{"text":"Events","selected_icon":{"value":"","library":""},"link":{"url":"#","is_external":"","nofollow":"","custom_attributes":""},"_id":"58d92ed","__dynamic__":{"link":"[elementor-tag id=\"30cf24e\" name=\"internal-url\" settings=\"%7B%22type%22%3A%22post%22%2C%22post_id%22%3A%222320%22%7D\"]"}},{"text":"Press","selected_icon":{"value":"","library":""},"link":{"url":"#","is_external":"","nofollow":"","custom_attributes":""},"_id":"df58fcf"}],"space_between":{"unit":"px","size":40,"sizes":[]},"icon_align":"end","__globals__":{"icon_typography_typography":"globals\/typography?id=2e8a051","text_color":"globals\/colors?id=33ee386","text_color_hover":"globals\/colors?id=5fd05f4"},"_padding":{"unit":"px","top":"0","right":"10","bottom":"0","left":"0","isLinked":false},"_padding_tablet":{"unit":"px","top":"0","right":"0","bottom":"0","left":"0","isLinked":false}},"elements":[],"isInner":false,"widgetType":"icon-list","elType":"widget"}],"isInner":true,"elType":"container"},{"id":"4457d0c7","settings":{"flex_direction":"row","flex_gap":{"unit":"px","size":null,"column":"","row":"","isLinked":true},"flex_align_items":"center","background_background":"classic","box_shadow_box_shadow_type":"yes","box_shadow_box_shadow":{"horizontal":0,"vertical":4,"blur":4,"spread":0,"color":"rgba(0, 0, 0, 0.25098039215686274)"},"padding":{"unit":"px","top":"0","right":"20","bottom":"0","left":"20","isLinked":false},"__globals__":{"background_color":"globals\/colors?id=fcd376b"},"css_classes":"white-header","padding_tablet":{"unit":"px","top":"10","right":"20","bottom":"10","left":"20","isLinked":false}},"elements":[{"id":"7753cca1","settings":{"flex_direction":"column","content_width":"full","width":{"unit":"px","size":167},"css_classes":"logo-col","width_mobile":{"unit":"px","size":147,"sizes":[]}},"elements":[{"id":"78653317","settings":{"image":{"url":"https:\/\/demolink.info\/cetop\/wp-content\/uploads\/2025\/12\/Logo.svg","id":53,"size":"","alt":"","source":"library"},"image_size":"full","link_to":"custom","width":{"unit":"%","size":100,"sizes":[]},"space":{"unit":"px","size":167,"sizes":[]},"space_tablet":{"unit":"px","size":"","sizes":[]},"space_mobile":{"unit":"px","size":"","sizes":[]},"_flex_align_self":"flex-start","__dynamic__":{"link":"[elementor-tag id=\"f403ee0\" name=\"site-url\" settings=\"%7B%7D\"]"}},"elements":[],"isInner":false,"widgetType":"image","elType":"widget"}],"isInner":true,"elType":"container"},{"id":"5b657610","settings":{"flex_direction":"row","content_width":"full","width":{"unit":"custom","size":"calc(100% - 187px)"},"width_laptop":{"unit":"custom","size":"","sizes":[]},"width_tablet":{"unit":"custom","size":"","sizes":[]},"width_mobile_extra":{"unit":"custom","size":"","sizes":[]},"width_mobile":{"unit":"custom","size":"calc(100% - 167px)","sizes":[]},"flex_justify_content":"flex-end","flex_align_items":"center","flex_gap":{"column":"35","row":"35","isLinked":true,"unit":"px","size":35},"css_classes":"link-col","padding":{"unit":"px","top":"0","right":"10","bottom":"0","left":"0","isLinked":false},"padding_tablet":{"unit":"px","top":"0","right":"0","bottom":"0","left":"0","isLinked":false}},"elements":[{"id":"4da3bf4e","settings":{"menu_name":"Menu","menu":"main-menu","align_items":"end","dropdown":"mobile_extra","pointer_width":{"unit":"px","size":4,"sizes":[]},"padding_horizontal_menu_item":{"unit":"px","size":0,"sizes":[]},"padding_vertical_menu_item":{"unit":"px","size":25,"sizes":[]},"menu_space_between":{"unit":"px","size":32,"sizes":[]},"__globals__":{"color_menu_item":"globals\/colors?id=dff046c","color_menu_item_hover":"globals\/colors?id=dff046c","pointer_color_menu_item_hover":"globals\/colors?id=dff046c","color_menu_item_active":"globals\/colors?id=accent","pointer_color_menu_item_active":"globals\/colors?id=dff046c","menu_typography_typography":"globals\/typography?id=d8de2ac","background_color_dropdown_item":"globals\/colors?id=fcd376b","color_dropdown_item":"globals\/colors?id=dff046c","color_dropdown_item_hover":"globals\/colors?id=dff046c","color_dropdown_item_active":"globals\/colors?id=accent","dropdown_typography_typography":"globals\/typography?id=2e8a051"},"_css_classes":"nav-link","submenu_icon":{"value":"","library":""},"menu_typography_typography":"custom","menu_typography_font_family":"Fjalla One","menu_typography_font_size":{"unit":"px","size":24,"sizes":[]},"menu_typography_font_size_tablet":{"unit":"px","size":20,"sizes":[]},"menu_typography_font_size_mobile":{"unit":"px","size":20,"sizes":[]},"menu_typography_font_weight":"400","menu_typography_text_transform":"uppercase","menu_typography_font_style":"normal","menu_typography_line_height":{"unit":"em","size":1.25,"sizes":[]},"menu_typography_letter_spacing":{"unit":"px","size":0,"sizes":[]},"color_menu_item":"#2E4155","color_menu_item_hover":"#2E4155","pointer_color_menu_item_hover":"#2E4155","color_menu_item_active":"#00963E","pointer_color_menu_item_active":"#2E4155","color_dropdown_item":"#2E4155","color_dropdown_item_hover":"#2E4155","background_color_dropdown_item_hover":"#02010100","color_dropdown_item_active":"#00963E","background_color_dropdown_item_active":"#02010100","dropdown_border_radius":{"unit":"px","top":"0","right":"0","bottom":"0","left":"0","isLinked":true},"dropdown_box_shadow_box_shadow":{"horizontal":0,"vertical":4,"blur":4,"spread":0,"color":"rgba(0, 0, 0, 0.25098039215686274)"},"padding_horizontal_dropdown_item":{"unit":"px","size":20,"sizes":[]},"padding_vertical_dropdown_item":{"unit":"px","size":4,"sizes":[]},"dropdown_top_distance":{"unit":"px","size":0,"sizes":[]},"dropdown_typography_line_height":{"unit":"em","size":1.25,"sizes":[]},"hide_tablet":"hidden-tablet","hide_mobile_extra":"hidden-mobile_extra","hide_mobile":"hidden-mobile","menu_id":3},"elements":[],"isInner":false,"widgetType":"nav-menu","elType":"widget"},{"id":"6351222f","settings":{"selected_icon":{"value":{"url":"https:\/\/demolink.info\/cetop\/wp-content\/uploads\/2025\/12\/User.svg","id":55},"library":"svg"},"size":{"unit":"px","size":28,"sizes":[]},"_css_classes":"icon-lineheight","hide_tablet":"hidden-tablet","hide_mobile_extra":"hidden-mobile_extra","hide_mobile":"hidden-mobile"},"elements":[],"isInner":false,"widgetType":"icon","elType":"widget"},{"id":"7eae3aae","settings":{"selected_icon":{"value":"fas fa-bars","library":"fa-solid"},"size":{"unit":"px","size":28,"sizes":[]},"_css_classes":"icon-lineheight","hide_desktop":"hidden-desktop","hide_laptop":"hidden-laptop","__dynamic__":{"link":"[elementor-tag id=\"a09a869\" name=\"popup\" settings=\"%7B%22popup%22%3A%2279%22%7D\"]"},"__globals__":{"primary_color":"globals\/colors?id=dff046c"}},"elements":[],"isInner":false,"widgetType":"icon","elType":"widget"}],"isInner":true,"elType":"container"}],"isInner":true,"elType":"container"}],"isInner":false,"elType":"container"}],"page_settings":[],"version":"0.4","title":"Header","type":"header"}