{"content":[{"id":"3e14533b","settings":{"flex_direction":"row","content_width":"full","background_background":"classic","background_color":"#02010100","flex_gap_mobile":{"column":"0","row":"0","isLinked":true,"unit":"px","size":0},"flex_direction_mobile":"column-reverse","flex_justify_content_mobile":"flex-end"},"elements":[{"id":"897556","settings":{"content_width":"full","padding":{"unit":"custom","top":"0px","right":"120px","bottom":"0px","left":"max(calc((100% - 1280px)\/2) , 20px)","isLinked":false},"width":{"unit":"%","size":50,"sizes":[]},"padding_laptop":{"unit":"custom","top":"0px","right":"20px","bottom":"0px","left":"max(calc((100% - 1280px)\/2) , 20px)","isLinked":false},"padding_tablet":{"unit":"custom","top":"","right":"","bottom":"","left":"","isLinked":true},"padding_mobile_extra":{"unit":"custom","top":"","right":"","bottom":"","left":"","isLinked":true},"padding_mobile":{"unit":"px","top":"30","right":"20","bottom":"30","left":"20","isLinked":false},"flex_direction_mobile":"column","flex_gap_mobile":{"column":"12","row":"12","isLinked":true,"unit":"px","size":12}},"elements":[{"id":"7642e289","settings":{"title":"News","__globals__":{"title_color":"globals\/colors?id=dff046c"},"hide_desktop":"hidden-desktop","hide_laptop":"hidden-laptop","hide_tablet":"hidden-tablet","hide_mobile_extra":"hidden-mobile_extra","hide_mobile":"hidden-mobile"},"elements":[],"isInner":false,"widgetType":"heading","elType":"widget"},{"id":"60b8ad7b","settings":{"icon_list":[{"selected_icon":{"value":"fas fa-calendar","library":"fa-solid"},"_id":"3e93cde","custom_date_format":"F j, Y","custom_time_format":"g:i a","link":"","show_icon":"none"},{"_id":"4341e9f","type":"custom","custom_date_format":"F j, Y","custom_time_format":"g:i a","custom_text":"\/\/ cetop, news","link":"","show_icon":"none"}],"space_between":{"unit":"px","size":5,"sizes":[]},"__globals__":{"icon_typography_typography":"globals\/typography?id=f287177","text_color":"globals\/colors?id=dff046c"}},"elements":[],"isInner":false,"widgetType":"post-info","elType":"widget"},{"id":"59104ed3","settings":{"__dynamic__":{"title":"[elementor-tag id=\"\" name=\"post-title\" settings=\"%7B%22before%22%3A%22%22%2C%22after%22%3A%22%22%2C%22fallback%22%3A%22%22%7D\"]"},"title":"Add Your Heading Text Here","__globals__":{"title_color":"globals\/colors?id=dff046c","typography_typography":"globals\/typography?id=51ac20e"},"title_color":"#2E4155","header_size":"h2"},"elements":[],"isInner":false,"widgetType":"theme-post-title","elType":"widget"},{"id":"5af4525d","settings":{"_padding":{"unit":"px","top":"12","right":"0","bottom":"0","left":"0","isLinked":false},"__dynamic__":{"editor":"[elementor-tag id=\"8feac1c\" name=\"acf-text\" settings=\"%7B%22key%22%3A%22field_694bc15ac979e%3Anews_sub_text%22%7D\"]"},"__globals__":{"text_color":"globals\/colors?id=dff046c","typography_typography":"globals\/typography?id=5710842"},"_css_classes":"news-exp","_element_width_mobile":"inherit","_element_custom_width_mobile":{"unit":"%","size":90,"sizes":[]},"_padding_mobile":{"unit":"px","top":"0","right":"0","bottom":"0","left":"0","isLinked":true}},"elements":[],"isInner":false,"widgetType":"text-editor","elType":"widget"},{"id":"40056d76","settings":{"text":"news overview","align":"justify","button_text_color":"#FDFCFB","border_radius":{"unit":"px","top":"36","right":"36","bottom":"36","left":"36","isLinked":true},"text_padding":{"unit":"px","top":"14","right":"20","bottom":"14","left":"20","isLinked":false},"_padding":{"unit":"px","top":"16","right":"0","bottom":"0","left":"0","isLinked":false},"_element_width":"initial","_element_custom_width":{"unit":"px","size":247,"sizes":[]},"__globals__":{"typography_typography":"globals\/typography?id=6ccb96c","button_background_hover_color":"globals\/colors?id=dff046c"},"text_padding_mobile":{"unit":"px","top":"10","right":"10","bottom":"10","left":"10","isLinked":false},"_element_custom_width_mobile":{"unit":"px","size":220,"sizes":[]},"_padding_mobile":{"unit":"px","top":"8","right":"0","bottom":"0","left":"0","isLinked":false},"__dynamic__":{"link":"[elementor-tag id=\"e1de8f5\" name=\"post-url\" settings=\"%7B%7D\"]"}},"elements":[],"isInner":false,"widgetType":"button","elType":"widget"}],"isInner":true,"elType":"container"},{"id":"37e24df2","settings":{"content_width":"full","padding":{"unit":"px","top":"0","right":"0","bottom":"0","left":"0","isLinked":true},"width":{"unit":"%","size":50,"sizes":[]},"flex_justify_content":"center","css_classes":"ns-img-col","flex_justify_content_mobile":"flex-start","padding_mobile":{"unit":"px","top":"0","right":"0","bottom":"0","left":"20","isLinked":false},"custom_css":"@media screen and (max-width:767px){\n    selector{\n        flex: 1;\n    }\n}"},"elements":[{"id":"42afeb31","settings":{"__dynamic__":{"image":"[elementor-tag id=\"\" name=\"post-featured-image\" settings=\"%7B%22fallback%22%3A%7B%22url%22%3A%22%22%2C%22id%22%3A%22%22%2C%22size%22%3A%22%22%7D%7D\"]"},"width":{"unit":"%","size":100,"sizes":[]},"space":{"unit":"%","size":100,"sizes":[]},"height":{"unit":"px","size":480,"sizes":[]},"object-fit":"cover","object-position_laptop":"center center","image_border_radius":{"unit":"px","top":"360","right":"0","bottom":"0","left":"360","isLinked":false},"_element_width":"inherit","height_mobile":{"unit":"%","size":100,"sizes":[]},"image_border_radius_mobile":{"unit":"%","top":"50","right":"0","bottom":"0","left":"0","isLinked":false},"custom_css":"@media screen and (max-width:767px){\n    selector,selector img{\n        height: 100%;\n        min-height: 280px;\n    }\n}"},"elements":[],"isInner":false,"widgetType":"theme-post-featured-image","elType":"widget"}],"isInner":true,"elType":"container"}],"isInner":false,"elType":"container"}],"page_settings":{"preview_width":{"unit":"%","size":100,"sizes":[]},"preview_width_laptop":{"unit":"%","size":"","sizes":[]},"preview_width_tablet":{"unit":"%","size":"","sizes":[]},"preview_width_mobile_extra":{"unit":"%","size":"","sizes":[]},"preview_width_mobile":{"unit":"%","size":"","sizes":[]}},"version":"0.4","title":"News loop","type":"loop-item"}