{"content":[{"id":"28571c2a","settings":{"flex_direction":"row","flex_justify_content":"space-between","background_background":"classic","border_radius":{"unit":"px","top":"0","right":"0","bottom":"0","left":"360","isLinked":false},"padding":{"unit":"px","top":"38","right":"20","bottom":"38","left":"20","isLinked":false},"__globals__":{"background_color":"globals\/colors?id=ea9ec76"},"flex_align_items":"center","flex_justify_content_mobile":"flex-end","flex_align_items_mobile":"center","border_radius_laptop":{"unit":"px","top":"0","right":"0","bottom":"0","left":"260","isLinked":false},"border_radius_mobile":{"unit":"px","top":"0","right":"0","bottom":"0","left":"140","isLinked":false},"padding_mobile":{"unit":"px","top":"40","right":"20","bottom":"60","left":"20","isLinked":false},"min_height":{"unit":"px","size":300,"sizes":[]},"min_height_mobile":{"unit":"custom","size":"auto","sizes":[]},"boxed_width_laptop":{"unit":"px","size":1280,"sizes":[]}},"elements":[{"id":"25e1a235","settings":{"flex_direction":"column","content_width":"full","width":{"unit":"custom","size":"100%"},"padding":{"unit":"px","top":"0","right":"0","bottom":"0","left":"160","isLinked":false},"padding_tablet":{"unit":"px","top":"0","right":"0","bottom":"0","left":"100","isLinked":false},"padding_mobile":{"unit":"px","top":"0","right":"0","bottom":"0","left":"0","isLinked":false},"padding_mobile_extra":{"unit":"px","top":"0","right":"0","bottom":"0","left":"80","isLinked":false},"width_tablet":{"unit":"custom","size":"calc(100% - 400px)","sizes":[]},"width_mobile_extra":{"unit":"custom","size":"calc(100% - 350px)","sizes":[]},"width_mobile":{"unit":"custom","size":"","sizes":[]}},"elements":[{"id":"498ce399","settings":{"title":"","header_size":"h1","_element_custom_width":{"unit":"px","size":524,"sizes":[]},"__globals__":{"typography_typography":"globals\/typography?id=9c0e0e4","title_color":"globals\/colors?id=5fd05f4"},"align_mobile":"start","_element_custom_width_tablet":{"unit":"px","size":440,"sizes":[]},"_element_custom_width_mobile":{"unit":"px","size":290,"sizes":[]},"_background_color_stop_laptop":{"unit":"%","size":"","sizes":[]},"_background_color_stop_tablet":{"unit":"%","size":"","sizes":[]},"_background_color_stop_mobile_extra":{"unit":"%","size":"","sizes":[]},"_background_color_stop_mobile":{"unit":"%","size":"","sizes":[]},"_background_color_b_stop_laptop":{"unit":"%","size":"","sizes":[]},"_background_color_b_stop_tablet":{"unit":"%","size":"","sizes":[]},"_background_color_b_stop_mobile_extra":{"unit":"%","size":"","sizes":[]},"_background_color_b_stop_mobile":{"unit":"%","size":"","sizes":[]},"_background_gradient_angle_laptop":{"unit":"deg","size":"","sizes":[]},"_background_gradient_angle_tablet":{"unit":"deg","size":"","sizes":[]},"_background_gradient_angle_mobile_extra":{"unit":"deg","size":"","sizes":[]},"_background_gradient_angle_mobile":{"unit":"deg","size":"","sizes":[]},"_background_gradient_position_laptop":"center center","_background_gradient_position_tablet":"center center","_background_gradient_position_mobile_extra":"center center","_background_gradient_position_mobile":"center center","_background_hover_color_stop_laptop":{"unit":"%","size":"","sizes":[]},"_background_hover_color_stop_tablet":{"unit":"%","size":"","sizes":[]},"_background_hover_color_stop_mobile_extra":{"unit":"%","size":"","sizes":[]},"_background_hover_color_stop_mobile":{"unit":"%","size":"","sizes":[]},"_background_hover_color_b_stop_laptop":{"unit":"%","size":"","sizes":[]},"_background_hover_color_b_stop_tablet":{"unit":"%","size":"","sizes":[]},"_background_hover_color_b_stop_mobile_extra":{"unit":"%","size":"","sizes":[]},"_background_hover_color_b_stop_mobile":{"unit":"%","size":"","sizes":[]},"_background_hover_gradient_angle_laptop":{"unit":"deg","size":"","sizes":[]},"_background_hover_gradient_angle_tablet":{"unit":"deg","size":"","sizes":[]},"_background_hover_gradient_angle_mobile_extra":{"unit":"deg","size":"","sizes":[]},"_background_hover_gradient_angle_mobile":{"unit":"deg","size":"","sizes":[]},"_background_hover_gradient_position_laptop":"center center","_background_hover_gradient_position_tablet":"center center","_background_hover_gradient_position_mobile_extra":"center center","_background_hover_gradient_position_mobile":"center center","__dynamic__":{"title":"[elementor-tag id=\"a361202\" name=\"post-title\" settings=\"%7B%7D\"]"}},"elements":[],"isInner":false,"widgetType":"heading","elType":"widget"}],"isInner":true,"elType":"container"}],"isInner":false,"elType":"container"},{"id":"66dff2ec","settings":{"flex_direction":"row","flex_gap":{"unit":"px","size":80,"column":"80","row":"80","isLinked":true},"padding":{"unit":"px","top":"60","right":"20","bottom":"60","left":"20","isLinked":false},"flex_gap_tablet":{"column":"60","row":"60","isLinked":true,"unit":"px","size":60},"flex_gap_mobile_extra":{"column":"40","row":"40","isLinked":true,"unit":"px","size":40},"flex_gap_mobile":{"column":"30","row":"30","isLinked":true,"unit":"px","size":30}},"elements":[{"id":"182bfb2f","settings":{"flex_direction":"column","content_width":"full","width":{"unit":"%","size":30},"flex_gap":{"column":"30","row":"30","isLinked":true,"unit":"px","size":30},"width_mobile_extra":{"unit":"%","size":30,"sizes":[]},"width_mobile":{"unit":"%","size":"","sizes":[]},"flex_gap_mobile":{"column":"20","row":"20","isLinked":true,"unit":"px","size":20}},"elements":[{"id":"2f5cf965","settings":{"title":"Details","header_size":"h5","__globals__":{"title_color":"globals\/colors?id=dff046c","typography_typography":"globals\/typography?id=d8de2ac"}},"elements":[],"isInner":false,"widgetType":"heading","elType":"widget"},{"id":"81fe5cc","settings":{"content_width":"full","flex_gap":{"column":"15","row":"15","isLinked":true,"unit":"px","size":15}},"elements":[{"id":"3be08fb5","settings":{"content_width":"full","flex_gap":{"column":"5","row":"5","isLinked":true,"unit":"px","size":5}},"elements":[{"id":"1f748352","settings":{"title":"Date:","header_size":"h6","__globals__":{"typography_typography":"globals\/typography?id=b31d75c","title_color":"globals\/colors?id=dff046c"}},"elements":[],"isInner":false,"widgetType":"heading","elType":"widget"},{"id":"4f8f7c72","settings":{"icon_list":[{"selected_icon":{"value":"fas fa-calendar","library":"fa-solid"},"_id":"ab65347","date_format":"0","custom_date_format":"F j, Y","custom_time_format":"g:i a","link":"","show_icon":"none"}],"__globals__":{"icon_typography_typography":"globals\/typography?id=bdfa5a8"}},"elements":[],"isInner":false,"widgetType":"post-info","elType":"widget"}],"isInner":true,"elType":"container"},{"id":"67a43af7","settings":{"content_width":"full","flex_gap":{"column":"5","row":"5","isLinked":true,"unit":"px","size":5}},"elements":[{"id":"7b815f6","settings":{"title":"Website Link:","header_size":"h6","__globals__":{"typography_typography":"globals\/typography?id=b31d75c","title_color":"globals\/colors?id=dff046c"}},"elements":[],"isInner":false,"widgetType":"heading","elType":"widget"},{"id":"28cc4f10","settings":{"icon_list":[{"text":"https:\/\/www.indumation.be\/nl\/","selected_icon":{"value":"fas fa-link","library":"fa-solid"},"_id":"95dee35","link":{"url":"https:\/\/www.indumation.be\/nl\/","is_external":"on","nofollow":"","custom_attributes":""},"__dynamic__":[]}],"space_between":{"unit":"px","size":0,"sizes":[]},"icon_size":{"unit":"px","size":16,"sizes":[]},"text_indent":{"unit":"px","size":0,"sizes":[]},"icon_self_vertical_align":"center","_margin":{"unit":"px","top":"0","right":"0","bottom":"0","left":"0","isLinked":false},"__globals__":{"icon_color":"globals\/colors?id=ea9ec76","text_color":"globals\/colors?id=ea9ec76","icon_typography_typography":"globals\/typography?id=bdfa5a8"}},"elements":[],"isInner":false,"widgetType":"icon-list","elType":"widget"}],"isInner":true,"elType":"container"},{"id":"52afebaf","settings":{"content_width":"full","flex_gap":{"column":"5","row":"5","isLinked":true,"unit":"px","size":5}},"elements":[{"id":"7a91a120","settings":{"title":"Calendar:","header_size":"h6","__globals__":{"typography_typography":"globals\/typography?id=b31d75c","title_color":"globals\/colors?id=dff046c"}},"elements":[],"isInner":false,"widgetType":"heading","elType":"widget"},{"id":"556f140e","settings":{"shortcode":"[event_actions]\n","_css_classes":"event-sec"},"elements":[],"isInner":false,"widgetType":"shortcode","elType":"widget"}],"isInner":true,"elType":"container"},{"id":"69abfd2b","settings":{"content_width":"full","flex_gap":{"column":"5","row":"5","isLinked":true,"unit":"px","size":5}},"elements":[{"id":"6de10711","settings":{"title":"Address:","header_size":"h6","__globals__":{"typography_typography":"globals\/typography?id=b31d75c","title_color":"globals\/colors?id=dff046c"}},"elements":[],"isInner":false,"widgetType":"heading","elType":"widget"},{"id":"5abd22a7","settings":{"title":"Add Your Heading Text Here","header_size":"p","__dynamic__":{"title":"[elementor-tag id=\"0d1b93a\" name=\"acf-text\" settings=\"%7B%22key%22%3A%22field_696e148465517%3Aaddress%22%7D\"]"},"__globals__":{"title_color":"globals\/colors?id=secondary","typography_typography":"globals\/typography?id=bdfa5a8"}},"elements":[],"isInner":false,"widgetType":"heading","elType":"widget"}],"isInner":true,"elType":"container"}],"isInner":true,"elType":"container"}],"isInner":true,"elType":"container"},{"id":"4067dc93","settings":{"flex_direction":"column","content_width":"full","width":{"unit":"%","size":70},"width_mobile_extra":{"unit":"%","size":70,"sizes":[]},"width_mobile":{"unit":"%","size":"","sizes":[]},"flex_gap":{"column":"30","row":"30","isLinked":true,"unit":"px","size":30},"flex_gap_mobile":{"column":"20","row":"20","isLinked":true,"unit":"px","size":20}},"elements":[{"id":"1a5d60d7","settings":{"__dynamic__":{"image":"[elementor-tag id=\"\" name=\"post-featured-image\" settings=\"%7B%22fallback%22%3A%7B%22url%22%3A%22%22%2C%22id%22%3A%22%22%2C%22size%22%3A%22%22%7D%7D\"]"},"image_size":"full","width":{"unit":"%","size":100,"sizes":[]},"image_border_radius":{"unit":"px","top":"0","right":"0","bottom":"0","left":"0","isLinked":false}},"elements":[],"isInner":false,"widgetType":"theme-post-featured-image","elType":"widget"},{"id":"1810ab2d","settings":{"content_width":"full","padding":{"unit":"px","top":"0","right":"0","bottom":"0","left":"0","isLinked":true}},"elements":[{"id":"629bce0b","settings":[],"elements":[],"isInner":false,"widgetType":"theme-post-content","elType":"widget"}],"isInner":true,"elType":"container"}],"isInner":true,"elType":"container"}],"isInner":false,"elType":"container"}],"page_settings":{"page_template":"elementor_header_footer"},"version":"0.4","title":"Event Page","type":"tec_event_single_dynamic"}